superkingdom_x,2,2759,10239
2,10076.0,30.697993628925637,0.3610946833438704
2759,2.3020063710743646,68.0,
10239,1.6389053166561296,,4.0
